1554667122.415588,34.234.151.4,192.168.12.100,443,44578,TCP,8,5421,Youtube,2,0x00000800,63,0x00000000,6,198,0.05458807945251465
1554667122.415823,192.168.12.100,34.234.151.4,44578,443,TCP,8,2917,Youtube,2,0x00000800,64,0x00000002,6,445,0.11353302001953125
1554667124.773264,192.168.12.100,172.217.7.198,44333,443,UDP,2,281,Youtube,1,0x00000800,64,0x00000002,17,140,0.06791210174560547
1554667124.810876,172.217.15.66,192.168.12.100,443,53553,UDP,2,269,Youtube,1,0x00000800,63,0x00000000,17,134,0.0003681182861328125
1554667124.812767,192.168.12.100,172.217.15.66,53553,443,UDP,1,70,Youtube,1,0x00000800,64,0x00000002,17,70,0.0
1554667124.813724,172.217.7.198,192.168.12.100,443,44333,UDP,1,240,Youtube,1,0x00000800,63,0x00000000,17,240,0.0
1554667124.88685,192.168.12.100,224.0.0.251,5353,5353,UDP,4,412,Youtube,1,0x00000800,255,0x00000002,17,103,1.9979228973388672
1554667124.927529,192.168.12.100,172.217.8.14,56326,443,UDP,6,2891,Youtube,1,0x00000800,64,0x00000002,17,173,0.1477220058441162
1554667124.97233,172.217.8.14,192.168.12.100,443,56326,UDP,8,697,Youtube,1,0x00000800,63,0x00000000,17,80,0.10082101821899414
1554667126.128107,192.168.12.100,173.194.184.74,42647,443,UDP,5,800,Youtube,1,0x00000800,64,0x00000002,17,107,0.08635997772216797
1554667126.129717,192.168.12.100,74.125.155.218,49955,443,UDP,4,576,Youtube,1,0x00000800,64,0x00000002,17,107,0.06842589378356934
1554667126.148935,173.194.184.74,192.168.12.100,443,42647,UDP,6,430,Youtube,1,0x00000800,63,0x00000000,17,76,0.03794693946838379
1554667126.158443,74.125.155.218,192.168.12.100,443,49955,UDP,3,212,Youtube,1,0x00000800,63,0x00000000,17,72,0.011382102966308594
1554667111.384556,192.168.12.100,34.232.156.45,35702,443,TCP,1,60,Youtube,2,0x00000800,64,0x00000002,6,60,0.0
1554667111.859059,100.24.184.141,192.168.12.100,443,47788,TCP,1,54,Youtube,2,0x00000800,63,0x00000000,6,54,0.0
1554667111.899105,192.168.12.100,100.24.184.141,47788,443,TCP,1,60,Youtube,2,0x00000800,64,0x00000002,6,60,0.0
1554667112.138875,54.214.19.40,192.168.12.100,443,41524,TCP,1,54,Youtube,2,0x00000800,63,0x00000000,6,54,0.0
1554667112.164145,192.168.12.100,54.214.19.40,41524,443,TCP,1,60,Youtube,2,0x00000800,64,0x00000002,6,60,0.0
1554667112.246198,34.230.152.154,192.168.12.100,443,57318,TCP,1,54,Youtube,2,0x00000800,63,0x00000000,6,54,0.0
1554667112.287081,192.168.12.100,34.230.152.154,57318,443,TCP,1,60,Youtube,2,0x00000800,64,0x00000002,6,60,0.0
1554667112.55926,52.214.62.191,192.168.12.100,443,42819,TCP,1,54,Youtube,2,0x00000800,63,0x00000000,6,54,0.0
1554667112.559528,52.214.62.191,192.168.12.100,443,43195,TCP,1,54,Youtube,2,0x00000800,63,0x00000000,6,54,0.0
1554667112.599366,192.168.12.100,52.214.62.191,43195,443,TCP,1,60,Youtube,2,0x00000800,64,0x00000002,6,60,0.0
1554667112.600334,192.168.12.100,52.214.62.191,42819,443,TCP,1,60,Youtube,2,0x00000800,64,0x00000002,6,60,0.0
1554667097.472759,192.168.12.100,107.21.43.184,50708,443,TCP,1,60,Youtube,2,0x00000800,64,0x00000002,6,60,0.0
1554667099.627711,192.168.12.100,172.217.7.202,38441,443,UDP,9,3347,Youtube,1,0x00000800,64,0x00000002,17,434,0.9375858306884766
1554667099.65485,172.217.7.202,192.168.12.100,443,38441,UDP,13,11699,Youtube,1,0x00000800,63,0x00000000,17,375,0.9084320068359375
1554667099.767304,192.168.12.100,172.217.7.182,33050,443,TCP,1,60,Youtube,2,0x00000800,64,0x00000002,6,60,0.0
1554667099.767551,192.168.12.100,172.217.8.14,48136,443,TCP,1,60,Youtube,2,0x00000800,64,0x00000002,6,60,0.0
1554667099.767584,192.168.12.100,172.217.7.202,37884,443,TCP,1,60,Youtube,2,0x00000800,64,0x00000002,6,60,0.0
1554667099.768674,192.168.12.100,8.8.8.8,17186,53,UDP,1,85,Youtube,1,0x00000800,64,0x00000002,17,85,0.0
1554667099.811683,8.8.8.8,192.168.12.100,53,17186,UDP,1,132,Youtube,1,0x00000800,63,0x00000000,17,132,0.0
1554667099.812501,192.168.12.100,172.217.15.110,35856,443,TCP,13,2018,Youtube,2,0x00000800,64,0x00000002,6,93,0.19468092918395996
1554667099.835466,172.217.15.110,192.168.12.100,443,35856,TCP,13,5269,Youtube,2,0x00000800,63,0x00000000,6,161,0.17216920852661133
1554667099.921958,192.168.12.100,224.0.0.251,5353,5353,UDP,4,412,Youtube,1,0x00000800,255,0x00000002,17,103,1.9509990215301514
1554667099.951935,192.168.12.100,172.217.8.14,56326,443,UDP,6,2898,Youtube,1,0x00000800,64,0x00000002,17,251,0.6766979694366455
1554667100.002029,172.217.8.14,192.168.12.100,443,56326,UDP,8,721,Youtube,1,0x00000800,63,0x00000000,17,81,0.6232171058654785
1554667100.416062,192.168.12.100,172.217.15.66,53553,443,UDP,6,3566,Youtube,1,0x00000800,64,0x00000002,17,184,0.11844491958618164
1554667100.418912,192.168.12.100,172.217.7.198,44333,443,UDP,6,3306,Youtube,1,0x00000800,64,0x00000002,17,168,0.13171601295471191
1554667100.448795,172.217.15.66,192.168.12.100,443,53553,UDP,6,4772,Youtube,1,0x00000800,63,0x00000000,17,329,0.09550881385803223
1554667100.453447,172.217.7.198,192.168.12.100,443,44333,UDP,7,4903,Youtube,1,0x00000800,63,0x00000000,17,262,0.10379791259765625
1554667100.468133,192.168.12.100,172.217.7.182,59849,443,UDP,11,890,Youtube,1,0x00000800,64,0x00000002,17,70,0.039021968841552734
1554667100.469322,192.168.12.100,172.217.8.1,39163,443,UDP,5,539,Youtube,1,0x00000800,64,0x00000002,17,82,0.03453493118286133
1554667100.480343,192.168.12.100,8.8.8.8,24847,53,UDP,1,75,Youtube,1,0x00000800,64,0x00000002,17,75,0.0
1554667100.490471,172.217.7.182,192.168.12.100,443,59849,UDP,18,23402,Youtube,1,0x00000800,63,0x00000000,17,846,0.016329050064086914
1554667100.494608,172.217.8.1,192.168.12.100,443,39163,UDP,7,7081,Youtube,1,0x00000800,63,0x00000000,17,1040,0.007781982421875
1554667100.516774,8.8.8.8,192.168.12.100,53,24847,UDP,1,91,Youtube,1,0x00000800,63,0x00000000,17,91,0.0
1554667100.517855,192.168.12.100,172.217.15.99,55808,443,UDP,7,3300,Youtube,1,0x00000800,64,0x00000002,17,143,0.11979818344116211
1554667100.555953,172.217.15.99,192.168.12.100,443,55808,UDP,6,5114,Youtube,1,0x00000800,63,0x00000000,17,414,0.10573887825012207
1554667101.260282,192.168.12.100,74.125.155.218,49955,443,UDP,3,506,Youtube,1,0x00000800,64,0x00000002,17,144,0.047167062759399414
1554667101.261583,192.168.12.100,173.194.184.74,42647,443,UDP,4,724,Youtube,1,0x00000800,64,0x00000002,17,144,0.05061984062194824
1554667101.290638,74.125.155.218,192.168.12.100,443,49955,UDP,3,218,Youtube,1,0x00000800,63,0x00000000,17,74,0.01480412483215332
1554667101.296749,173.194.184.74,192.168.12.100,443,42647,UDP,2,192,Youtube,1,0x00000800,63,0x00000000,17,96,0.01390695571899414
1554667101.477358,192.168.12.100,173.194.207.157,33598,443,UDP,2,459,Youtube,1,0x00000800,64,0x00000002,17,229,0.05919194221496582
1554667101.509228,173.194.207.157,192.168.12.100,443,33598,UDP,1,165,Youtube,1,0x00000800,63,0x00000000,17,165,0.0
1555360574.343543,172.217.3.110,192.168.12.100,443,47880,UDP,3,226,Youtube,1,0x00000800,63,0x00000000,17,71,0.015503883361816406
1555360574.359576,192.168.12.100,172.217.3.110,47880,443,UDP,1,71,Youtube,1,0x00000800,64,0x00000002,17,71,0.0
1555360575.297135,192.168.12.100,172.217.3.98,34996,443,UDP,1,65,Youtube,1,0x00000800,64,0x00000002,17,65,0.0
1555360575.342712,172.217.3.98,192.168.12.100,443,34996,UDP,1,62,Youtube,1,0x00000800,63,0x00000000,17,62,0.0
1555360575.502743,192.168.12.100,224.0.0.251,5353,5353,UDP,1,103,Youtube,1,0x00000800,255,0x00000002,17,103,0.0
1555360557.460324,192.168.12.100,173.194.185.137,43278,443,UDP,1,74,Youtube,1,0x00000800,64,0x00000002,17,74,0.0
1555360557.875772,199.166.0.32,192.168.12.100,443,60998,TCP,2,139,Youtube,2,0x00000800,63,0x00000000,6,69,0.00021195411682128906
1555360557.877644,192.168.12.100,199.166.0.32,60998,443,TCP,2,120,Youtube,2,0x00000800,64,0x00000002,6,60,0.06273293495178223
1555360534.918019,52.55.127.107,192.168.12.100,443,37974,TCP,6,3623,Youtube,2,0x00000800,63,0x00000000,6,268,0.2944529056549072
1555360534.945327,192.168.12.100,52.55.127.107,37974,443,TCP,5,420,Youtube,2,0x00000800,64,0x00000002,6,90,0.2675909996032715
1555360535.061274,192.168.12.100,172.217.10.2,42082,443,TCP,3,238,Youtube,2,0x00000800,64,0x00000002,6,74,0.03364896774291992
1555360535.062358,172.217.10.2,192.168.12.100,443,42082,TCP,4,780,Youtube,2,0x00000800,63,0x00000000,6,195,0.021644115447998047
1555360535.064397,192.168.12.100,172.217.3.110,47880,443,UDP,10,6307,Youtube,1,0x00000800,64,0x00000002,17,423,0.28926801681518555
1555360535.065127,192.168.12.100,172.217.10.150,38731,443,UDP,7,490,Youtube,1,0x00000800,64,0x00000002,17,70,0.15508604049682617
1555360535.120944,192.168.12.100,172.217.10.2,42062,443,TCP,1,60,Youtube,2,0x00000800,64,0x00000002,6,60,0.0
1555360535.121264,192.168.12.100,172.217.10.2,42064,443,TCP,1,60,Youtube,2,0x00000800,64,0x00000002,6,60,0.0
1555360535.122607,192.168.12.100,172.217.10.225,35422,443,UDP,17,1190,Youtube,1,0x00000800,64,0x00000002,17,70,0.05140209197998047
1555360535.124885,192.168.12.100,172.217.10.2,42080,443,TCP,1,60,Youtube,2,0x00000800,64,0x00000002,6,60,0.0
1555360535.125146,192.168.12.100,172.217.10.2,42078,443,TCP,1,60,Youtube,2,0x00000800,64,0x00000002,6,60,0.0
1555360535.13599,192.168.12.100,52.55.127.107,37958,443,TCP,4,932,Youtube,2,0x00000800,64,0x00000002,6,218,0.16813111305236816
1555360535.136502,52.55.127.107,192.168.12.100,443,37958,TCP,4,885,Youtube,2,0x00000800,63,0x00000000,6,369,0.12693285942077637
1555360535.140305,192.168.12.100,52.55.127.107,37964,443,TCP,4,932,Youtube,2,0x00000800,64,0x00000002,6,218,0.3946199417114258
1555360535.140643,52.55.127.107,192.168.12.100,443,37964,TCP,4,885,Youtube,2,0x00000800,63,0x00000000,6,369,0.393665075302124
1555360535.158255,192.168.12.100,52.55.127.107,37960,443,TCP,4,966,Youtube,2,0x00000800,64,0x00000002,6,226,0.5845119953155518
1555360535.15914,52.55.127.107,192.168.12.100,443,37960,TCP,4,919,Youtube,2,0x00000800,63,0x00000000,6,386,0.4058718681335449
1555360535.162155,192.168.12.100,52.1.50.99,41136,443,TCP,4,652,Youtube,2,0x00000800,64,0x00000002,6,148,0.8171401023864746
1555360535.162643,52.1.50.99,192.168.12.100,443,41136,TCP,4,627,Youtube,2,0x00000800,63,0x00000000,6,240,0.8077950477600098
1555360535.165572,192.168.12.100,52.1.50.99,41132,443,TCP,2,240,Youtube,2,0x00000800,64,0x00000002,6,120,0.047567129135131836
1555360535.16642,52.1.50.99,192.168.12.100,443,41132,TCP,2,159,Youtube,2,0x00000800,63,0x00000000,6,79,0.04644513130187988
1555360535.167223,192.168.12.100,199.166.0.26,38056,443,TCP,4,603,Youtube,2,0x00000800,64,0x00000002,6,105,0.09215307235717773
1555360535.167461,192.168.12.100,172.217.10.2,41452,443,UDP,1,70,Youtube,1,0x00000800,64,0x00000002,17,70,0.0
1555360535.167823,199.166.0.26,192.168.12.100,443,38056,TCP,4,798,Youtube,2,0x00000800,63,0x00000000,6,280,0.09072589874267578
1555360535.172035,192.168.12.100,172.217.10.2,42066,443,TCP,15,6150,Youtube,2,0x00000800,64,0x00000002,6,63,0.10070490837097168
1555360535.172729,172.217.10.2,192.168.12.100,443,42066,TCP,15,2474,Youtube,2,0x00000800,63,0x00000000,6,214,0.09962105751037598
1555360535.225024,172.217.3.110,192.168.12.100,443,47880,UDP,5,456,Youtube,1,0x00000800,63,0x00000000,17,95,0.05338907241821289
1555360535.499741,192.168.12.100,224.0.0.251,5353,5353,UDP,1,103,Youtube,1,0x00000800,255,0x00000002,17,103,0.0
1555360535.8564,172.217.10.6,192.168.12.100,443,57249,UDP,1,523,Youtube,1,0x00000800,63,0x00000000,17,523,0.0
1555360521.439934,192.168.12.100,151.101.1.63,45400,443,TCP,3,180,Youtube,2,0x00000800,64,0x00000002,6,60,0.028995037078857422
1555360521.440369,151.101.1.63,192.168.12.100,443,45400,TCP,4,247,Youtube,2,0x00000800,63,0x00000000,6,61,0.02784419059753418
1555360521.444349,192.168.12.100,151.101.1.63,36953,443,TCP,3,205,Youtube,2,0x00000800,64,0x00000002,6,66,0.12300491333007812
1555360521.450276,192.168.12.100,151.101.1.63,55859,443,TCP,4,265,Youtube,2,0x00000800,64,0x00000002,6,63,0.12024617195129395
1555360521.45051,151.101.1.63,192.168.12.100,443,36953,TCP,3,193,Youtube,2,0x00000800,63,0x00000000,6,69,0.11652994155883789
1555360521.451217,151.101.1.63,192.168.12.100,443,55859,TCP,4,247,Youtube,2,0x00000800,63,0x00000000,6,61,0.11874699592590332
1555360522.369777,192.168.12.100,23.196.126.15,58662,443,TCP,4,265,Youtube,2,0x00000800,64,0x00000002,6,63,0.1618039608001709
1555360522.370566,23.196.126.15,192.168.12.100,443,58662,TCP,4,247,Youtube,2,0x00000800,63,0x00000000,6,61,0.16055822372436523
1555360487.446208,192.168.12.100,173.194.31.185,35247,443,UDP,6,986,Youtube,1,0x00000800,64,0x00000002,17,88,0.5789999961853027
1555360487.464599,173.194.31.185,192.168.12.100,443,35247,UDP,166,230673,Youtube,1,0x00000800,63,0x00000000,17,1209,0.557481050491333
1555360487.552732,192.168.12.100,74.125.172.39,48438,443,UDP,1,71,Youtube,1,0x00000800,64,0x00000002,17,71,0.0
1555360490.335443,172.217.10.2,192.168.12.100,443,59135,UDP,1,62,Youtube,1,0x00000800,63,0x00000000,17,62,0.0
1555360490.828156,192.168.12.100,172.217.11.10,56441,443,UDP,1,65,Youtube,1,0x00000800,64,0x00000002,17,65,0.0
1555360490.988891,172.217.11.10,192.168.12.100,443,56441,UDP,1,63,Youtube,1,0x00000800,63,0x00000000,17,63,0.0
1555360491.535483,192.168.12.100,172.217.10.67,50599,80,TCP,1,60,Youtube,2,0x00000800,64,0x00000002,6,60,0.0
1555360493.013375,172.217.10.246,192.168.12.100,443,44081,UDP,1,63,Youtube,1,0x00000800,63,0x00000000,17,63,0.0
1555360494.063892,192.168.12.100,172.217.3.110,47880,443,UDP,8,6666,Youtube,1,0x00000800,64,0x00000002,17,327,1.3271031379699707
1555360494.086995,172.217.3.110,192.168.12.100,443,47880,UDP,7,513,Youtube,1,0x00000800,63,0x00000000,17,71,1.303511142730713
1555360494.43299,192.168.12.100,173.194.31.185,35247,443,UDP,81,7991,Youtube,1,0x00000800,64,0x00000002,17,71,0.8776998519897461
1555360494.447153,173.194.31.185,192.168.12.100,443,35247,UDP,421,581753,Youtube,1,0x00000800,63,0x00000000,17,1032,0.8583109378814697
1555360502.116895,192.168.12.100,173.194.31.185,35247,443,UDP,63,5633,Youtube,1,0x00000800,64,0x00000002,17,71,0.5684051513671875
1555360502.123989,173.194.31.185,192.168.12.100,443,35247,UDP,317,435984,Youtube,1,0x00000800,63,0x00000000,17,812,0.5600528717041016
1555360502.208409,192.168.12.100,173.194.131.42,41918,443,UDP,2,130,Youtube,1,0x00000800,64,0x00000002,17,65,0.08989286422729492
1555360502.427215,173.194.131.42,192.168.12.100,443,41918,UDP,1,62,Youtube,1,0x00000800,63,0x00000000,17,62,0.0
1555360505.404528,172.217.3.110,192.168.12.100,443,47880,UDP,3,225,Youtube,1,0x00000800,63,0x00000000,17,70,0.019314050674438477
1555360505.408029,192.168.12.100,172.217.10.67,50599,80,TCP,1,60,Youtube,2,0x00000800,64,0x00000002,6,60,0.0
1555360505.431182,192.168.12.100,172.217.3.110,47880,443,UDP,1,71,Youtube,1,0x00000800,64,0x00000002,17,71,0.0
1555360510.917785,192.168.12.100,172.217.11.10,56441,443,UDP,10,12283,Youtube,1,0x00000800,64,0x00000002,17,652,0.21973299980163574
1555360510.987135,172.217.11.10,192.168.12.100,443,56441,UDP,5,425,Youtube,1,0x00000800,63,0x00000000,17,91,0.03055596351623535
1555360511.17783,192.168.12.100,8.8.8.8,11470,53,UDP,1,76,Youtube,1,0x00000800,64,0x00000002,17,76,0.0
1555360511.209518,8.8.8.8,192.168.12.100,53,11470,UDP,1,92,Youtube,1,0x00000800,63,0x00000000,17,92,0.0
1555360511.399946,192.168.12.100,172.217.10.37,46381,443,TCP,16,2476,Youtube,2,0x00000800,64,0x00000002,6,118,1.5566189289093018
1555360511.413126,172.217.10.37,192.168.12.100,443,46381,TCP,14,5098,Youtube,2,0x00000800,63,0x00000000,6,329,1.5440239906311035
1555360512.368802,192.168.12.100,173.194.131.42,41918,443,UDP,3,510,Youtube,1,0x00000800,64,0x00000002,17,145,0.2032318115234375
1555360512.369117,192.168.12.100,74.125.172.39,48438,443,UDP,2,291,Youtube,1,0x00000800,64,0x00000002,17,145,0.2623288631439209
1555360512.383757,173.194.131.42,192.168.12.100,443,41918,UDP,3,248,Youtube,1,0x00000800,63,0x00000000,17,84,0.17002296447753906
1555360512.385414,74.125.172.39,192.168.12.100,443,48438,UDP,3,216,Youtube,1,0x00000800,63,0x00000000,17,73,0.15399813652038574
1555360512.960854,192.168.12.100,224.0.0.251,5353,5353,UDP,3,309,Youtube,1,0x00000800,255,0x00000002,17,103,1.505012035369873
1555360513.792426,192.168.12.100,172.217.3.110,47880,443,UDP,8,3570,Youtube,1,0x00000800,64,0x00000002,17,116,0.07482194900512695
1555360513.813696,172.217.3.110,192.168.12.100,443,47880,UDP,12,839,Youtube,1,0x00000800,63,0x00000000,17,67,0.05302119255065918
1555360469.716549,172.217.3.110,192.168.12.100,443,47880,UDP,3,225,Youtube,1,0x00000800,63,0x00000000,17,70,0.04799699783325195
1555360469.764998,192.168.12.100,172.217.3.110,47880,443,UDP,1,71,Youtube,1,0x00000800,64,0x00000002,17,71,0.0
1555360471.242675,192.168.12.100,172.217.3.110,47880,443,UDP,7,3213,Youtube,1,0x00000800,64,0x00000002,17,136,0.05090594291687012
1555360471.261508,172.217.3.110,192.168.12.100,443,47880,UDP,7,665,Youtube,1,0x00000800,63,0x00000000,17,83,0.03152608871459961
1555360474.167978,192.168.12.100,74.125.172.39,48438,443,UDP,10,2828,Youtube,1,0x00000800,64,0x00000002,17,75,2.0378799438476562
1555360474.182869,74.125.172.39,192.168.12.100,443,48438,UDP,344,452340,Youtube,1,0x00000800,63,0x00000000,17,1377,1.924818992614746
1555360474.25209,192.168.12.100,172.217.3.110,47880,443,UDP,32,16131,Youtube,1,0x00000800,64,0x00000002,17,238,5.385004043579102
1555360474.272664,172.217.3.110,192.168.12.100,443,47880,UDP,41,3232,Youtube,1,0x00000800,63,0x00000000,17,66,5.351670980453491
1555360474.335552,192.168.12.100,8.8.8.8,13535,53,UDP,1,92,Youtube,1,0x00000800,64,0x00000002,17,92,0.0
1555360474.397956,8.8.8.8,192.168.12.100,53,13535,UDP,1,137,Youtube,1,0x00000800,63,0x00000000,17,137,0.0
1555360474.454073,192.168.12.100,172.217.11.10,56441,443,UDP,9,2069,Youtube,1,0x00000800,64,0x00000002,17,75,1.7022030353546143
1555360474.454423,192.168.12.100,172.217.10.246,44081,443,UDP,87,6692,Youtube,1,0x00000800,64,0x00000002,17,70,4.22699499130249
1555360474.475024,172.217.11.10,192.168.12.100,443,56441,UDP,16,17665,Youtube,1,0x00000800,63,0x00000000,17,695,1.3580191135406494
1555360474.476699,172.217.10.246,192.168.12.100,443,44081,UDP,161,221060,Youtube,1,0x00000800,63,0x00000000,17,483,3.858337879180908
1555360474.872271,192.168.12.100,173.194.31.185,35247,443,UDP,103,14607,Youtube,1,0x00000800,64,0x00000002,17,71,4.81803297996521
1555360474.989155,173.194.31.185,192.168.12.100,443,35247,UDP,867,1192036,Youtube,1,0x00000800,63,0x00000000,17,1131,4.693968057632446
1555360475.267743,192.168.12.100,172.217.10.2,59135,443,UDP,2,556,Youtube,1,0x00000800,64,0x00000002,17,278,0.06124997138977051
1555360475.293542,172.217.10.2,192.168.12.100,443,59135,UDP,3,326,Youtube,1,0x00000800,63,0x00000000,17,96,0.03318619728088379
1555360476.008521,192.168.12.100,172.217.12.200,57201,443,TCP,2,773,Youtube,2,0x00000800,64,0x00000002,6,386,0.0294649600982666
1555360476.009391,172.217.12.200,192.168.12.100,443,57201,TCP,2,529,Youtube,2,0x00000800,63,0x00000000,6,264,0.028306007385253906
1555360477.0386,192.168.12.100,172.217.10.225,59350,443,UDP,4,363,Youtube,1,0x00000800,64,0x00000002,17,80,0.4822540283203125
1555360477.091387,172.217.10.225,192.168.12.100,443,59350,UDP,4,3570,Youtube,1,0x00000800,63,0x00000000,17,642,0.39639902114868164
1555360477.375228,192.168.12.100,224.0.0.251,5353,5353,UDP,1,103,Youtube,1,0x00000800,255,0x00000002,17,103,0.0
1555360477.77281,192.168.12.100,172.217.12.195,40288,443,UDP,1,65,Youtube,1,0x00000800,64,0x00000002,17,65,0.0
1555360477.895363,192.168.12.100,172.217.10.67,50599,80,TCP,4,240,Youtube,2,0x00000800,64,0x00000002,6,60,1.5165348052978516
1555360478.222364,172.217.12.195,192.168.12.100,443,40288,UDP,1,62,Youtube,1,0x00000800,63,0x00000000,17,62,0.0
1555360449.292578,192.168.12.100,172.217.10.225,59350,443,UDP,2,140,Youtube,1,0x00000800,64,0x00000002,17,70,0.0004711151123046875
1555360451.584532,172.217.3.110,192.168.12.100,443,47880,UDP,3,224,Youtube,1,0x00000800,63,0x00000000,17,70,0.02484893798828125
1555360451.609809,192.168.12.100,172.217.3.110,47880,443,UDP,1,71,Youtube,1,0x00000800,64,0x00000002,17,71,0.0
1555360426.43811,192.168.12.100,172.217.11.10,56441,443,UDP,23,27864,Youtube,1,0x00000800,64,0x00000002,17,223,0.15015482902526855
1555360426.45866,172.217.11.10,192.168.12.100,443,56441,UDP,13,6849,Youtube,1,0x00000800,63,0x00000000,17,564,0.12885403633117676
1555360432.261892,172.217.6.202,192.168.12.100,443,45871,TCP,10,2129,Youtube,2,0x00000800,63,0x00000000,6,662,0.6689238548278809
1555360432.263274,192.168.12.100,172.217.6.202,45871,443,TCP,10,6743,Youtube,2,0x00000800,64,0x00000002,6,395,0.6937451362609863
1555360432.692544,192.168.12.100,31.13.71.1,49044,443,TCP,3,180,Youtube,2,0x00000800,64,0x00000002,6,60,0.03168296813964844
1555360432.694124,31.13.71.1,192.168.12.100,443,49044,TCP,3,193,Youtube,2,0x00000800,63,0x00000000,6,61,0.020071029663085938
1555360432.981531,192.168.12.100,172.217.11.46,38621,443,TCP,3,205,Youtube,2,0x00000800,64,0x00000002,6,66,0.06657218933105469
1555360432.984668,172.217.11.46,192.168.12.100,443,38621,TCP,3,162,Youtube,2,0x00000800,63,0x00000000,6,54,0.06273603439331055
1555360434.839077,192.168.12.100,172.217.12.200,58281,443,TCP,1,60,Youtube,2,0x00000800,64,0x00000002,6,60,0.0
1555360435.347931,192.168.12.100,172.217.6.194,58796,443,UDP,1,65,Youtube,1,0x00000800,64,0x00000002,17,65,0.0
1555360435.36865,192.168.12.100,224.0.0.251,5353,5353,UDP,3,309,Youtube,1,0x00000800,255,0x00000002,17,103,1.9853830337524414
1555360435.435536,172.217.6.194,192.168.12.100,443,58796,UDP,1,62,Youtube,1,0x00000800,63,0x00000000,17,62,0.0
1555360435.509014,192.168.12.100,74.125.172.39,48438,443,UDP,2,291,Youtube,1,0x00000800,64,0x00000002,17,145,0.6538681983947754
1555360435.509321,192.168.12.100,173.194.131.42,41918,443,UDP,4,580,Youtube,1,0x00000800,64,0x00000002,17,126,0.6975860595703125
1555360435.524076,173.194.131.42,192.168.12.100,443,41918,UDP,5,349,Youtube,1,0x00000800,63,0x00000000,17,70,0.6554210186004639
1555360435.524164,74.125.172.39,192.168.12.100,443,48438,UDP,3,216,Youtube,1,0x00000800,63,0x00000000,17,73,0.1351001262664795
1555360435.76026,192.168.12.100,172.217.3.110,47880,443,UDP,2,1109,Youtube,1,0x00000800,64,0x00000002,17,554,0.04941678047180176
1555360435.780292,172.217.3.110,192.168.12.100,443,47880,UDP,3,224,Youtube,1,0x00000800,63,0x00000000,17,70,0.01617598533630371
1555360436.243916,192.168.12.100,8.8.8.8,29366,53,UDP,1,79,Youtube,1,0x00000800,64,0x00000002,17,79,0.0
1555360436.290699,8.8.8.8,192.168.12.100,53,29366,UDP,1,289,Youtube,1,0x00000800,63,0x00000000,17,289,0.0
1555360436.292185,192.168.12.100,172.217.10.234,48282,443,TCP,25,39833,Youtube,2,0x00000800,64,0x00000002,6,543,2.0185580253601074
1555360436.307865,172.217.10.234,192.168.12.100,443,48282,TCP,38,7922,Youtube,2,0x00000800,63,0x00000000,6,255,2.0000200271606445
1555360436.727558,192.168.12.100,172.217.6.202,40550,443,TCP,3,205,Youtube,2,0x00000800,64,0x00000002,6,66,0.014250040054321289
1555360436.728201,172.217.6.202,192.168.12.100,443,40550,TCP,3,162,Youtube,2,0x00000800,63,0x00000000,6,54,0.013347148895263672
1555360438.460274,192.168.12.100,172.217.10.234,36395,443,TCP,8,3680,Youtube,2,0x00000800,64,0x00000002,6,621,0.6551680564880371
1555360438.478483,172.217.10.234,192.168.12.100,443,36395,TCP,9,1131,Youtube,2,0x00000800,63,0x00000000,6,187,0.5965521335601807
1555360439.15418,192.168.12.100,172.217.6.202,52506,443,TCP,3,205,Youtube,2,0x00000800,64,0x00000002,6,66,0.015137910842895508
1555360439.154878,172.217.6.202,192.168.12.100,443,52506,TCP,3,162,Youtube,2,0x00000800,63,0x00000000,6,54,0.013486146926879883
1555360405.807096,172.217.3.110,192.168.12.100,443,47880,UDP,3,224,Youtube,1,0x00000800,63,0x00000000,17,70,0.01656794548034668
1555360405.824174,192.168.12.100,172.217.3.110,47880,443,UDP,1,70,Youtube,1,0x00000800,64,0x00000002,17,70,0.0
1555360406.545925,192.168.12.100,173.194.185.134,36885,443,UDP,68,6793,Youtube,1,0x00000800,64,0x00000002,17,74,1.4754571914672852
1555360406.648933,173.194.185.134,192.168.12.100,443,36885,UDP,737,1015036,Youtube,1,0x00000800,63,0x00000000,17,315,1.3970870971679688
1555360407.803867,192.168.12.100,74.125.172.39,48438,443,UDP,2,291,Youtube,1,0x00000800,64,0x00000002,17,145,0.08721184730529785
1555360407.804167,192.168.12.100,173.194.131.42,41918,443,UDP,3,510,Youtube,1,0x00000800,64,0x00000002,17,145,0.12328004837036133
1555360407.879932,74.125.172.39,192.168.12.100,443,48438,UDP,2,139,Youtube,1,0x00000800,63,0x00000000,17,69,0.007953166961669922
1555360407.88787,173.194.131.42,192.168.12.100,443,41918,UDP,1,96,Youtube,1,0x00000800,63,0x00000000,17,96,0.0
1555360410.649619,172.217.10.2,192.168.12.100,443,58410,UDP,1,62,Youtube,1,0x00000800,63,0x00000000,17,62,0.0
1555360411.998613,172.217.11.10,192.168.12.100,443,56441,UDP,1,63,Youtube,1,0x00000800,63,0x00000000,17,63,0.0
1555360414.36464,192.168.12.100,172.217.3.110,47880,443,UDP,10,7456,Youtube,1,0x00000800,64,0x00000002,17,338,1.6107769012451172
1555360414.388663,172.217.3.110,192.168.12.100,443,47880,UDP,9,634,Youtube,1,0x00000800,63,0x00000000,17,66,1.651658058166504
1555360414.737041,192.168.12.100,172.217.10.225,50880,443,UDP,1,65,Youtube,1,0x00000800,64,0x00000002,17,65,0.0
1555360414.775438,172.217.10.225,192.168.12.100,443,50880,UDP,1,66,Youtube,1,0x00000800,63,0x00000000,17,66,0.0
1555360414.913911,192.168.12.100,173.194.185.134,36885,443,UDP,103,9801,Youtube,1,0x00000800,64,0x00000002,17,71,1.1353678703308105
1555360414.941706,173.194.185.134,192.168.12.100,443,36885,UDP,693,959019,Youtube,1,0x00000800,63,0x00000000,17,866,1.1013891696929932
1555360416.26289,192.168.12.100,224.0.0.251,5353,5353,UDP,1,103,Youtube,1,0x00000800,255,0x00000002,17,103,0.0
1555360417.86601,192.168.12.100,172.217.10.67,50599,80,TCP,1,60,Youtube,2,0x00000800,64,0x00000002,6,60,0.0
1554848251.582989,192.168.12.100,172.217.11.46,42241,443,TCP,1,60,Youtube,2,0x00000800,64,0x00000002,6,60,0.0
1554848255.249412,192.168.12.100,35.164.223.128,48171,443,TCP,1,60,Youtube,2,0x00000800,64,0x00000002,6,60,0.0
1554848256.610058,172.217.6.234,192.168.12.100,443,43709,UDP,28,24828,Youtube,1,0x00000800,63,0x00000000,17,159,2.1661269664764404
1554848256.689418,192.168.12.100,172.217.6.234,43709,443,UDP,22,7835,Youtube,1,0x00000800,64,0x00000002,17,271,2.0882058143615723
1554848258.681532,192.168.12.100,172.217.10.86,57944,443,TCP,1,60,Youtube,2,0x00000800,64,0x00000002,6,60,0.0
1554848258.682383,192.168.12.100,172.217.12.162,44262,443,TCP,1,60,Youtube,2,0x00000800,64,0x00000002,6,60,0.0
1554848258.683347,192.168.12.100,192.168.12.1,6008,53,UDP,1,85,Youtube,1,0x00000800,64,0x00000002,17,85,0.0
1554848258.686946,192.168.12.1,192.168.12.100,53,6008,UDP,1,380,Youtube,1,0x00000800,64,0x00000002,17,380,0.0
1554848258.688672,192.168.12.100,172.217.3.110,48156,443,TCP,13,1955,Youtube,2,0x00000800,64,0x00000002,6,138,0.27639198303222656
1554848258.702074,172.217.3.110,192.168.12.100,443,48156,TCP,14,5683,Youtube,2,0x00000800,63,0x00000000,6,156,0.26435089111328125
1554848258.939822,192.168.12.100,192.168.12.1,4197,53,UDP,1,90,Youtube,1,0x00000800,64,0x00000002,17,90,0.0
1554848258.939842,192.168.12.100,192.168.12.1,29403,53,UDP,1,78,Youtube,1,0x00000800,64,0x00000002,17,78,0.0
1554848258.944518,192.168.12.1,192.168.12.100,53,4197,UDP,1,390,Youtube,1,0x00000800,64,0x00000002,17,390,0.0
1554848258.944657,192.168.12.1,192.168.12.100,53,29403,UDP,1,373,Youtube,1,0x00000800,64,0x00000002,17,373,0.0
1554848258.978041,192.168.12.100,172.217.11.38,58812,443,UDP,9,3509,Youtube,1,0x00000800,64,0x00000002,17,107,0.4041130542755127
1554848258.990632,192.168.12.100,172.217.7.2,38762,443,UDP,7,3634,Youtube,1,0x00000800,64,0x00000002,17,254,0.390516996383667
1554848259.009112,172.217.11.38,192.168.12.100,443,58812,UDP,11,6471,Youtube,1,0x00000800,63,0x00000000,17,90,0.4108591079711914
1554848259.018595,172.217.7.2,192.168.12.100,443,38762,UDP,8,4880,Youtube,1,0x00000800,63,0x00000000,17,198,0.3413279056549072
1554848259.080058,192.168.12.100,192.168.12.1,1935,53,UDP,1,73,Youtube,1,0x00000800,64,0x00000002,17,73,0.0
1554848259.085719,192.168.12.1,192.168.12.100,53,1935,UDP,1,389,Youtube,1,0x00000800,64,0x00000002,17,389,0.0
1554848259.253658,192.168.12.100,192.168.12.1,4035,53,UDP,1,71,Youtube,1,0x00000800,64,0x00000002,17,71,0.0
1554848259.254593,192.168.12.100,172.217.10.1,39751,443,UDP,9,3489,Youtube,1,0x00000800,64,0x00000002,17,98,0.7773821353912354
1554848259.258064,192.168.12.1,192.168.12.100,53,4035,UDP,1,540,Youtube,1,0x00000800,64,0x00000002,17,540,0.0
1554848259.281994,172.217.10.1,192.168.12.100,443,39751,UDP,11,11588,Youtube,1,0x00000800,63,0x00000000,17,828,0.6632528305053711
1554848259.311816,192.168.12.100,172.217.10.150,49909,443,UDP,19,3530,Youtube,1,0x00000800,64,0x00000002,17,70,0.9620001316070557
1554848259.340177,172.217.10.150,192.168.12.100,443,49909,UDP,24,23966,Youtube,1,0x00000800,63,0x00000000,17,564,0.7969629764556885
1554848259.411113,192.168.12.100,192.168.12.1,25452,53,UDP,1,71,Youtube,1,0x00000800,64,0x00000002,17,71,0.0
1554848259.416419,192.168.12.1,192.168.12.100,53,25452,UDP,1,373,Youtube,1,0x00000800,64,0x00000002,17,373,0.0
1554848259.501545,192.168.12.100,172.217.9.230,47840,443,UDP,9,3414,Youtube,1,0x00000800,64,0x00000002,17,101,0.8062839508056641
1554848259.530068,172.217.9.230,192.168.12.100,443,47840,UDP,12,11521,Youtube,1,0x00000800,63,0x00000000,17,394,0.7834219932556152
1554848259.840163,192.168.12.100,172.217.10.1,33214,443,TCP,8,1063,Youtube,2,0x00000800,64,0x00000002,6,82,0.23146605491638184
1554848259.855277,172.217.10.1,192.168.12.100,443,33214,TCP,7,5280,Youtube,2,0x00000800,63,0x00000000,6,660,0.13753795623779297
1554848260.061108,192.168.12.100,224.0.0.251,5353,5353,UDP,3,309,Youtube,1,0x00000800,255,0x00000002,17,103,1.9890878200531006
1554848260.139128,35.164.223.128,192.168.12.100,443,48171,TCP,1,54,Youtube,2,0x00000800,63,0x00000000,6,54,0.0
1554848260.179269,192.168.12.100,35.164.223.128,48171,443,TCP,1,60,Youtube,2,0x00000800,64,0x00000002,6,60,0.0
1554848260.218282,192.168.12.100,172.217.9.230,58804,443,TCP,7,1003,Youtube,2,0x00000800,64,0x00000002,6,90,0.13840413093566895
1554848260.233054,172.217.9.230,192.168.12.100,443,58804,TCP,7,4213,Youtube,2,0x00000800,63,0x00000000,6,328,0.08383703231811523
1554848260.270668,192.168.12.100,192.168.12.1,51462,53,UDP,1,86,Youtube,1,0x00000800,64,0x00000002,17,86,0.0
1554848260.27286,192.168.12.100,192.168.12.1,21571,53,UDP,1,75,Youtube,1,0x00000800,64,0x00000002,17,75,0.0
1554848260.275717,192.168.12.1,192.168.12.100,53,51462,UDP,1,357,Youtube,1,0x00000800,64,0x00000002,17,357,0.0
1554848260.277965,192.168.12.100,172.217.10.238,43619,443,UDP,14,4036,Youtube,1,0x00000800,64,0x00000002,17,79,0.7949128150939941
1554848260.279299,192.168.12.1,192.168.12.100,53,21571,UDP,1,517,Youtube,1,0x00000800,64,0x00000002,17,517,0.0
1554848260.30002,192.168.12.100,172.217.10.238,36696,443,TCP,9,1123,Youtube,2,0x00000800,64,0x00000002,6,71,0.7123861312866211
1554848260.305902,172.217.10.238,192.168.12.100,443,43619,UDP,14,8342,Youtube,1,0x00000800,63,0x00000000,17,112,0.8062410354614258
1554848260.306051,192.168.12.100,172.217.10.238,36698,443,TCP,9,1123,Youtube,2,0x00000800,64,0x00000002,6,71,0.7072460651397705
1554848260.313706,172.217.10.238,192.168.12.100,443,36696,TCP,7,4636,Youtube,2,0x00000800,63,0x00000000,6,563,0.5249311923980713
1554848260.318556,172.217.10.238,192.168.12.100,443,36698,TCP,7,4636,Youtube,2,0x00000800,63,0x00000000,6,563,0.570807933807373
1554848260.332843,192.168.12.100,172.217.10.238,36700,443,TCP,8,1063,Youtube,2,0x00000800,64,0x00000002,6,75,0.6996579170227051
1554848260.346132,172.217.10.238,192.168.12.100,443,36700,TCP,6,4583,Youtube,2,0x00000800,63,0x00000000,6,607,0.6777379512786865
1554848260.391294,192.168.12.100,172.217.12.174,51562,443,UDP,7,3866,Youtube,1,0x00000800,64,0x00000002,17,272,0.643805980682373
1554848260.420171,172.217.12.174,192.168.12.100,443,51562,UDP,10,3698,Youtube,1,0x00000800,63,0x00000000,17,94,0.4329369068145752
1554848260.567246,192.168.12.100,172.217.10.130,46229,443,UDP,7,3564,Youtube,1,0x00000800,64,0x00000002,17,237,0.566741943359375
1554848260.596458,172.217.10.130,192.168.12.100,443,46229,UDP,7,4843,Youtube,1,0x00000800,63,0x00000000,17,349,0.510141134262085
1554848261.052788,192.168.12.100,192.168.12.1,6059,53,UDP,1,92,Youtube,1,0x00000800,64,0x00000002,17,92,0.0
1554848261.0529,192.168.12.100,192.168.12.1,7453,53,UDP,1,92,Youtube,1,0x00000800,64,0x00000002,17,92,0.0
1554848261.0531,192.168.12.1,192.168.12.100,53,7453,UDP,1,152,Youtube,1,0x00000800,64,0x00000002,17,152,0.0
1554848261.059481,192.168.12.1,192.168.12.100,53,6059,UDP,1,392,Youtube,1,0x00000800,64,0x00000002,17,392,0.0
1554848261.062858,192.168.12.100,173.194.131.42,43955,443,UDP,8,4035,Youtube,1,0x00000800,64,0x00000002,17,221,0.04638195037841797
1554848261.071885,192.168.12.100,74.125.0.58,44098,443,UDP,8,3746,Youtube,1,0x00000800,64,0x00000002,17,147,0.05501389503479004
1554848261.07787,173.194.131.42,192.168.12.100,443,43955,UDP,6,4444,Youtube,1,0x00000800,63,0x00000000,17,330,0.044149160385131836
1554848261.086383,74.125.0.58,192.168.12.100,443,44098,UDP,7,4475,Youtube,1,0x00000800,63,0x00000000,17,151,0.08063578605651855
1555360387.928666,172.217.3.110,192.168.12.100,443,47880,UDP,3,273,Youtube,1,0x00000800,63,0x00000000,17,83,0.012584924697875977
1555360387.980628,192.168.12.100,172.217.3.110,47880,443,UDP,1,70,Youtube,1,0x00000800,64,0x00000002,17,70,0.0
1555360389.13996,192.168.12.100,172.217.3.110,47880,443,UDP,7,2010,Youtube,1,0x00000800,64,0x00000002,17,173,0.28581905364990234
1555360389.220302,172.217.3.110,192.168.12.100,443,47880,UDP,8,713,Youtube,1,0x00000800,63,0x00000000,17,80,0.19164180755615234
1555360374.520806,173.194.185.137,192.168.12.100,443,38923,UDP,936,1300683,Youtube,1,0x00000800,63,0x00000000,17,1066,3.228698968887329
1555360375.112843,192.168.12.100,173.194.185.137,38923,443,UDP,35,3179,Youtube,1,0x00000800,64,0x00000002,17,78,2.6635990142822266
1555360376.259653,192.168.12.100,224.0.0.251,5353,5353,UDP,1,103,Youtube,1,0x00000800,255,0x00000002,17,103,0.0
1555360351.968375,172.217.10.246,192.168.12.100,443,48622,UDP,6,6716,Youtube,1,0x00000800,63,0x00000000,17,650,0.00760197639465332
1555360351.971969,192.168.12.100,172.217.10.246,48622,443,UDP,3,210,Youtube,1,0x00000800,64,0x00000002,17,70,0.03851819038391113
1555360353.264813,192.168.12.100,74.125.172.39,48438,443,UDP,8,2980,Youtube,1,0x00000800,64,0x00000002,17,143,3.0759940147399902
1555360353.296939,74.125.172.39,192.168.12.100,443,48438,UDP,94,103018,Youtube,1,0x00000800,63,0x00000000,17,147,3.0561861991882324
1555360353.375887,192.168.12.100,172.217.11.10,56441,443,UDP,10,2142,Youtube,1,0x00000800,64,0x00000002,17,72,1.2657661437988281
1555360353.393815,172.217.11.10,192.168.12.100,443,56441,UDP,16,19220,Youtube,1,0x00000800,63,0x00000000,17,1102,0.8325729370117188
1555360353.400498,192.168.12.100,172.217.10.246,48622,443,UDP,30,2554,Youtube,1,0x00000800,64,0x00000002,17,84,1.6943321228027344
1555360353.417249,192.168.12.100,8.8.8.8,39170,53,UDP,1,92,Youtube,1,0x00000800,64,0x00000002,17,92,0.0
1555360353.450805,172.217.10.246,192.168.12.100,443,48622,UDP,49,66012,Youtube,1,0x00000800,63,0x00000000,17,1209,1.6287200450897217
1555360353.468575,8.8.8.8,192.168.12.100,53,39170,UDP,1,137,Youtube,1,0x00000800,63,0x00000000,17,137,0.0
1555360353.878032,192.168.12.100,74.125.172.26,48989,443,UDP,68,12835,Youtube,1,0x00000800,64,0x00000002,17,77,2.427873134613037
1555360353.879487,192.168.12.100,74.125.0.202,55244,443,UDP,2,130,Youtube,1,0x00000800,64,0x00000002,17,65,0.0633389949798584
1555360353.993772,74.125.172.26,192.168.12.100,443,48989,UDP,296,393109,Youtube,1,0x00000800,63,0x00000000,17,468,2.381967067718506
1555360353.993823,74.125.0.202,192.168.12.100,443,55244,UDP,1,62,Youtube,1,0x00000800,63,0x00000000,17,62,0.0
1555360354.327085,192.168.12.100,172.217.3.110,47880,443,UDP,14,6112,Youtube,1,0x00000800,64,0x00000002,17,161,2.078809976577759
1555360354.370762,172.217.3.110,192.168.12.100,443,47880,UDP,15,1243,Youtube,1,0x00000800,63,0x00000000,17,79,2.0346689224243164
1555360354.901377,192.168.12.100,172.217.10.225,50880,443,UDP,2,221,Youtube,1,0x00000800,64,0x00000002,17,110,0.19382095336914062
1555360354.930835,192.168.12.100,172.217.12.200,57201,443,TCP,7,1662,Youtube,2,0x00000800,64,0x00000002,6,249,0.41765904426574707
1555360355.079816,172.217.12.200,192.168.12.100,443,57201,TCP,6,911,Youtube,2,0x00000800,63,0x00000000,6,274,0.22832083702087402
1555360355.079862,172.217.10.225,192.168.12.100,443,50880,UDP,2,1536,Youtube,1,0x00000800,63,0x00000000,17,768,0.0008339881896972656
1555360355.325828,192.168.12.100,172.217.11.46,34830,443,TCP,3,205,Youtube,2,0x00000800,64,0x00000002,6,66,0.22741198539733887
1555360355.326438,172.217.11.46,192.168.12.100,443,34830,TCP,3,162,Youtube,2,0x00000800,63,0x00000000,6,54,0.21041512489318848
1555360355.67996,192.168.12.100,173.194.131.42,41918,443,UDP,5,648,Youtube,1,0x00000800,64,0x00000002,17,97,0.6628179550170898
1555360355.698428,173.194.131.42,192.168.12.100,443,41918,UDP,5,347,Youtube,1,0x00000800,63,0x00000000,17,72,0.6175920963287354
1555360356.255416,192.168.12.100,224.0.0.251,5353,5353,UDP,1,103,Youtube,1,0x00000800,255,0x00000002,17,103,0.0
1555360330.30747,192.168.12.100,172.217.3.110,47880,443,UDP,6,1217,Youtube,1,0x00000800,64,0x00000002,17,129,1.8777439594268799
1555360330.314603,74.125.0.201,192.168.12.100,443,50643,UDP,321,434421,Youtube,1,0x00000800,63,0x00000000,17,1342,4.139213800430298
1555360330.323762,173.194.131.42,192.168.12.100,443,41918,UDP,4,272,Youtube,1,0x00000800,63,0x00000000,17,65,0.06278300285339355
1555360330.353094,192.168.12.100,74.125.172.39,48438,443,UDP,2,290,Youtube,1,0x00000800,64,0x00000002,17,145,0.42951178550720215
1555360330.355786,192.168.12.100,172.217.10.246,48622,443,UDP,20,2107,Youtube,1,0x00000800,64,0x00000002,17,70,1.8914108276367188
1555360330.363643,192.168.12.100,173.194.131.42,41918,443,UDP,2,295,Youtube,1,0x00000800,64,0x00000002,17,147,0.154738187789917
1555360330.364503,192.168.12.100,74.125.0.201,50643,443,UDP,14,2646,Youtube,1,0x00000800,64,0x00000002,17,93,4.147082090377808
1555360330.381248,172.217.10.246,192.168.12.100,443,48622,UDP,31,37436,Youtube,1,0x00000800,63,0x00000000,17,517,1.7410759925842285
1555360330.381335,74.125.172.39,192.168.12.100,443,48438,UDP,4,291,Youtube,1,0x00000800,63,0x00000000,17,74,0.23584890365600586
1555360330.904777,172.217.3.110,192.168.12.100,443,47880,UDP,6,550,Youtube,1,0x00000800,63,0x00000000,17,88,1.2234158515930176
1555360331.133721,192.168.12.100,172.217.10.225,50880,443,UDP,6,1921,Youtube,1,0x00000800,64,0x00000002,17,132,0.9495217800140381
1555360331.165279,172.217.10.225,192.168.12.100,443,50880,UDP,7,5025,Youtube,1,0x00000800,63,0x00000000,17,553,0.879176139831543
1555360332.6606,192.168.12.100,74.125.0.202,55244,443,UDP,4,1360,Youtube,1,0x00000800,64,0x00000002,17,205,0.6374061107635498
1555360332.881362,74.125.0.202,192.168.12.100,443,55244,UDP,4,1474,Youtube,1,0x00000800,63,0x00000000,17,445,0.04381608963012695
1555360336.412707,192.168.12.100,74.125.0.201,50643,443,UDP,23,3849,Youtube,1,0x00000800,64,0x00000002,17,74,3.5142459869384766
1555360336.429152,74.125.0.201,192.168.12.100,443,50643,UDP,505,689161,Youtube,1,0x00000800,63,0x00000000,17,1391,3.4945008754730225
1555360337.253103,192.168.12.100,172.217.3.110,47880,443,UDP,9,6899,Youtube,1,0x00000800,64,0x00000002,17,423,1.0972979068756104
1555360337.288243,172.217.3.110,192.168.12.100,443,47880,UDP,6,454,Youtube,1,0x00000800,63,0x00000000,17,71,1.0308208465576172
1555360337.859698,192.168.12.100,172.217.6.194,49429,443,UDP,1,65,Youtube,1,0x00000800,64,0x00000002,17,65,0.0
1555360337.961971,172.217.6.194,192.168.12.100,443,49429,UDP,1,62,Youtube,1,0x00000800,63,0x00000000,17,62,0.0
1555360338.779711,192.168.12.100,74.125.0.202,55244,443,UDP,3,1268,Youtube,1,0x00000800,64,0x00000002,17,334,0.16150188446044922
1555360338.92253,74.125.0.202,192.168.12.100,443,55244,UDP,3,796,Youtube,1,0x00000800,63,0x00000000,17,213,0.0013720989227294922
1555360343.837795,192.168.12.100,74.125.0.201,50643,443,UDP,6,979,Youtube,1,0x00000800,64,0x00000002,17,88,0.3178520202636719
1555360343.93519,74.125.0.201,192.168.12.100,443,50643,UDP,93,126191,Youtube,1,0x00000800,63,0x00000000,17,983,0.21682500839233398
1555360316.507723,173.194.31.232,192.168.12.100,443,33680,UDP,535,737752,Youtube,1,0x00000800,63,0x00000000,17,448,1.560999870300293
1555360316.541068,192.168.12.100,173.194.31.232,33680,443,UDP,48,4050,Youtube,1,0x00000800,64,0x00000002,17,74,1.4975769519805908
1555360321.627478,192.168.12.100,172.217.10.246,48622,443,UDP,33,4650,Youtube,1,0x00000800,64,0x00000002,17,71,1.3375930786132812
1555360321.767022,192.168.12.100,172.217.6.194,49429,443,UDP,13,6331,Youtube,1,0x00000800,64,0x00000002,17,125,1.2393832206726074
1555360321.837287,172.217.6.194,192.168.12.100,443,49429,UDP,12,9148,Youtube,1,0x00000800,63,0x00000000,17,193,1.1682319641113281
1555360322.154388,192.168.12.100,172.217.3.110,59122,443,TCP,1,60,Youtube,2,0x00000800,64,0x00000002,6,60,0.0
1555360322.187775,192.168.12.100,172.217.3.110,59118,443,TCP,1,60,Youtube,2,0x00000800,64,0x00000002,6,60,0.0
1555360322.188117,192.168.12.100,172.217.3.110,59120,443,TCP,1,60,Youtube,2,0x00000800,64,0x00000002,6,60,0.0
1555360322.18816,192.168.12.100,172.217.3.110,59130,443,TCP,1,60,Youtube,2,0x00000800,64,0x00000002,6,60,0.0
1555360322.188549,192.168.12.100,172.217.10.225,45646,443,TCP,1,60,Youtube,2,0x00000800,64,0x00000002,6,60,0.0
1555360322.188815,192.168.12.100,172.217.10.225,45644,443,TCP,1,60,Youtube,2,0x00000800,64,0x00000002,6,60,0.0
1555360322.188853,192.168.12.100,172.217.10.225,45648,443,TCP,1,60,Youtube,2,0x00000800,64,0x00000002,6,60,0.0
1555360322.189831,192.168.12.100,8.8.8.8,48535,53,UDP,1,89,Youtube,1,0x00000800,64,0x00000002,17,89,0.0
1555360322.225037,8.8.8.8,192.168.12.100,53,48535,UDP,1,145,Youtube,1,0x00000800,63,0x00000000,17,145,0.0
1555360322.22653,192.168.12.100,172.217.10.130,54118,443,TCP,9,1123,Youtube,2,0x00000800,64,0x00000002,6,71,0.7312068939208984
1555360322.245612,172.217.10.130,192.168.12.100,443,54118,TCP,7,3805,Youtube,2,0x00000800,63,0x00000000,6,345,0.7117981910705566
1555360322.318682,172.217.10.246,192.168.12.100,443,48622,UDP,52,66710,Youtube,1,0x00000800,63,0x00000000,17,1301,0.6185269355773926
